[
 {
  "author": "hualiong",
  "icon": "https://360zy.com/favicon.ico",
  "lang": "zh-cn",
  "license": "MIT",
  "name": "360资源",
  "nsfw": "false",
  "package": "360zy.com",
  "type": "bangumi",
  "url": "360zy.com.js",
  "version": "v0.0.1",
  "webSite": "https://360zy.com"
 },
 {
  "author": "appdevelpo",
  "icon": "https://9animetv.to/images/favicon.png",
  "lang": "en",
  "license": "MIT",
  "name": "9Anime",
  "nsfw": "false",
  "package": "9animetv.to",
  "type": "bangumi",
  "url": "9animetv.to.js",
  "version": "v0.0.3",
  "webSite": "https://9animetv.to"
 },
 {
  "author": "appdevelpo",
  "icon": "https://m.agedm.org/favicon.ico",
  "lang": "zh-cn",
  "license": "MIT",
  "name": "AGE动漫",
  "nsfw": "false",
  "package": "agedm.org",
  "type": "bangumi",
  "url": "agedm.org.js",
  "version": "v0.0.1",
  "webSite": "https://api.agedm.org"
 },
 {
  "author": "OshekharO",
  "icon": "https://anilist.co/img/icons/apple-touch-icon.png",
  "lang": "en",
  "license": "MIT",
  "name": "AniGoGo",
  "package": "ani.gogo",
  "type": "bangumi",
  "url": "ani.gogo.js",
  "version": "v0.0.3",
  "webSite": "https://api.amvstr.me/api/v2"
 },
 {
  "author": "(koikiss-dev)",
  "description": "https://github.com/koikiss-dev/jimov_api",
  "icon": "https://animeflv.vc/static/img/icon/logo.png",
  "lang": "es",
  "license": "MIT",
  "name": "AnimeFlv",
  "package": "anime.flv",
  "type": "bangumi",
  "url": "anime.flv.js",
  "version": "v0.0.2",
  "webSite": "https://jimov-api.vercel.app/"
 },
 {
  "author": "appdevelpo",
  "icon": "https://anime.girigirilove.com/upload/site/20230603-1/9e57505c4e140f30c70aac0cc93fa9ad.png",
  "lang": "zh",
  "license": "MIT",
  "name": "girigiri爱动漫",
  "nsfw": "false",
  "package": "anime.girigirilove.com",
  "type": "bangumi",
  "url": "anime.girigirilove.com.js",
  "version": "v0.0.3",
  "webSite": "https://anime.girigirilove.com"
 },
 {
  "author": "JerukPurut404",
  "icon": "https://animeazu.com/wp-content/uploads/2023/08/dada.png",
  "lang": "pr",
  "license": "MIT",
  "name": "Animeazu",
  "package": "animeazu.com",
  "type": "bangumi",
  "url": "animeazu.com.js",
  "version": "v0.0.1",
  "webSite": "https://animeazu.com"
 },
 {
  "author": "appdevelpo",
  "icon": "https://animepahe.ru/pikacon.ico",
  "lang": "en",
  "license": "MIT",
  "name": "Animepahe",
  "nsfw": "false",
  "package": "animepahe.ru",
  "type": "bangumi",
  "url": "animepahe.ru.js",
  "version": "v0.0.2",
  "webSite": "https://animepahe.ru"
 },
 {
  "author": "Nazz",
  "icon": "https://static.animeworld.so/assets/images/favicon/android-icon-192x192.png?4",
  "lang": "it",
  "license": "MIT",
  "name": "Animeworld",
  "nsfw": "false",
  "package": "animeworld",
  "tags": "italian",
  "type": "bangumi",
  "url": "animeworld.js",
  "version": "v0.0.1",
  "webSite": "https://www.animeworld.so"
 },
 {
  "author": "hualiong",
  "icon": "https://aosikazy10.com/favicon.ico",
  "lang": "zh-cn",
  "license": "MIT",
  "name": "奥斯卡资源站",
  "nsfw": "true",
  "package": "aosikazy.com",
  "type": "bangumi",
  "url": "aosikazy.com.js",
  "version": "v0.0.1",
  "webSite": "https://aosikazy.vip"
 },
 {
  "author": "vvsolo",
  "icon": "https://www.yinyuetai.com/images/favicon.ico",
  "lang": "zh",
  "license": "MIT",
  "name": "音悦台MTV",
  "nsfw": "false",
  "package": "api.yinyuetai",
  "type": "bangumi",
  "url": "api.yinyuetai.js",
  "version": "v0.0.2",
  "webSite": "https://video-api.yinyuetai.com"
 },
 {
  "author": "JerukPurut404",
  "icon": "https://arabsama.net/wp-content/uploads/2023/09/svgexport-34.png",
  "lang": "ar",
  "license": "MIT",
  "name": "Arabsama",
  "package": "arabsama.net",
  "type": "bangumi",
  "url": "arabsama.net.js",
  "version": "v0.0.1",
  "webSite": "https://arabsama.net"
 },
 {
  "author": "bethro",
  "icon": "https://asuracomic.net/images/logo.png",
  "lang": "en",
  "license": "MIT",
  "name": "AsuraScan",
  "package": "asuratoon.com",
  "type": "manga",
  "url": "asuratoon.com.js",
  "version": "v0.0.2",
  "webSite": "https://asuracomic.net"
 },
 {
  "author": "appdevelpo",
  "icon": "https://www.baozimh.com/favicon.ico",
  "lang": "zh",
  "license": "MIT",
  "name": "包子漫画",
  "nsfw": "false",
  "package": "baozimh.com",
  "type": "manga",
  "url": "baozimh.com.js",
  "version": "v0.0.2",
  "webSite": "https://www.baozimh.com"
 },
 {
  "author": "bethro",
  "icon": "https://bato.to/amsta/img/batoto/favicon.ico?v0",
  "lang": "all",
  "license": "MIT",
  "name": "Bato",
  "package": "bato.to",
  "type": "manga",
  "url": "bato.to.js",
  "version": "v0.0.2",
  "webSite": "https://bato.to"
 },
 {
  "author": "anishi7",
  "icon": "https://bestlightnovel.com/themes/home/images/favicon.png",
  "lang": "en",
  "license": "MIT",
  "name": "BestLightNovel",
  "nsfw": "false",
  "package": "best.light.novel",
  "type": "fikushon",
  "url": "best.light.novel.js",
  "version": "v0.0.1",
  "webSite": "https://bestlightnovel.com"
 },
 {
  "author": "hualiong",
  "icon": "https://www.bilinovel.com/favicon.ico",
  "lang": "zh-cn",
  "license": "MIT",
  "name": "哔哩轻小说",
  "package": "bilinovel.com",
  "type": "fikushon",
  "url": "bilinovel.com.js",
  "version": "v0.0.7",
  "webSite": "https://www.bilinovel.com"
 },
 {
  "author": "yxxyun",
  "icon": "https://m.bi17.cc/favicon.ico",
  "lang": "zh-cn",
  "license": "MIT",
  "name": "笔趣阁",
  "package": "bqg.cc",
  "type": "fikushon",
  "url": "bqg.cc.js",
  "version": "v0.0.1",
  "webSite": "https://m.bi17.cc"
 },
 {
  "author": "vvsolo",
  "description": "client",
  "icon": "https://s11.ax1x.com/2024/01/11/pFCMKit.png",
  "lang": "all",
  "license": "MIT",
  "name": "MyIPTV",
  "nsfw": "false",
  "package": "client.iptv",
  "type": "bangumi",
  "url": "client.iptv.js",
  "version": "v0.0.6",
  "webSite": "https://live.fanmingming.com"
 },
 {
  "author": "vvsolo",
  "icon": "https://everia.club/wp-content/uploads/2023/08/Everiaicon.jpg",
  "lang": "all",
  "license": "MIT",
  "name": "EVERIA.CLUB[Photo]",
  "nsfw": "true",
  "package": "club.everia",
  "type": "manga",
  "url": "club.everia.js",
  "version": "v0.0.4",
  "webSite": "https://everia.club"
 },
 {
  "author": "vvsolo",
  "icon": "https://manga18.club/fav.png?v=1",
  "lang": "all",
  "license": "MIT",
  "name": "manga18.club",
  "nsfw": "true",
  "package": "club.manga18",
  "type": "manga",
  "url": "club.manga18.js",
  "version": "v0.0.3",
  "webSite": "https://manga18.club"
 },
 {
  "author": "MiaoMint",
  "icon": "https://www.dmzj.com/_nuxt/logo_dmzj.1c94014a.png",
  "lang": "zh-cn",
  "license": "MIT",
  "name": "动漫之家",
  "package": "com.dmzj.www",
  "type": "manga",
  "url": "com.dmzj.www.js",
  "version": "v0.0.2",
  "webSite": "https://www.dmzj.com"
 },
 {
  "author": "vvsolo",
  "icon": "http://mxsmh01.top/static/images/favicon.ico",
  "lang": "zh-tw",
  "license": "MIT",
  "name": "愛看漫畫",
  "nsfw": "true",
  "package": "com.freexcomic",
  "type": "manga",
  "url": "com.freexcomic.js",
  "version": "v0.0.3",
  "webSite": "http://"
 },
 {
  "author": "vvsolo",
  "icon": "https://manga18fx.com/images/favicon-96x96.jpg",
  "lang": "en",
  "license": "MIT",
  "name": "manga18fx",
  "nsfw": "true",
  "package": "com.manga18fx",
  "type": "manga",
  "url": "com.manga18fx.js",
  "version": "v0.0.1",
  "webSite": "https://manga18fx.com"
 },
 {
  "author": "MiaoMint",
  "description": "欧乐影院－面向海外华人的在线视频媒体平台,海量高清视频在线观看,电影电视剧一网打尽",
  "icon": "https://static.olelive.com/upload/site/20201117-1/902e3851b6695ac661422b45483d694a.png",
  "lang": "zh-cn",
  "license": "MIT",
  "name": "欧乐影院",
  "package": "com.olevod.www",
  "type": "bangumi",
  "url": "com.olevod.www.js",
  "version": "v0.0.1",
  "webSite": "https://www.olevod.com"
 },
 {
  "author": "OshekharO",
  "icon": "https://comicextra.me/favicon.ico",
  "lang": "en",
  "license": "MIT",
  "name": "ComicExtra",
  "package": "comicextra",
  "type": "manga",
  "url": "comicextra.js",
  "version": "v0.0.1",
  "webSite": "https://comicextra.me"
 },
 {
  "author": "OshekharO",
  "icon": "https://comick.app/static/icons/unicorn-256_maskable.png",
  "lang": "all",
  "license": "MIT",
  "name": "Comick",
  "package": "comick.app",
  "type": "manga",
  "url": "comick.app.js",
  "version": "v0.0.5",
  "webSite": "https://api.comick.io"
 },
 {
  "author": "MiaoMint",
  "lang": "zh-cn",
  "license": "MIT",
  "name": "咕咕影视",
  "nsfw": "false",
  "package": "cooing.cc",
  "type": "bangumi",
  "url": "cooing.cc.js",
  "version": "v0.0.4",
  "webSite": "https://cooing.cc"
 },
 {
  "author": "hualiong",
  "icon": "https://www.cycanime.com/upload/site/20240319-1/25e700991446a527804c82a744731b60.png",
  "lang": "zh-cn",
  "license": "MIT",
  "name": "次元城动漫",
  "nsfw": "false",
  "package": "cycanime.com",
  "type": "bangumi",
  "url": "cycanime.com.js",
  "version": "v0.1.1",
  "webSite": "https://www.cycanime.com"
 },
 {
  "author": "MiaoMint",
  "icon": "https://www.7xi.tv/upload/site/20220630-1/f0aa6861d2399c58f87faab0f1928b10.png",
  "lang": "zh-cn",
  "license": "MIT",
  "name": "7喜影院",
  "package": "dev.0n0.miru.7xi",
  "type": "bangumi",
  "url": "dev.0n0.miru.7xi.js",
  "version": "v0.0.7",
  "webSite": "https://www.7xi.tv"
 },
 {
  "author": "bachig26",
  "icon": "https://draftsex.porn/templates/ds/images/draftsex.png",
  "lang": "en",
  "license": "MIT",
  "name": "Draftsex",
  "nsfw": "true",
  "package": "draftsex.porn",
  "type": "bangumi",
  "url": "draftsex.porn.js",
  "version": "v0.0.2",
  "webSite": "https://draftsex.porn"
 },
 {
  "author": "OshekharO",
  "icon": "https://proxy.techzbots1.workers.dev/?u=https://dramacool.pa/images/mobi/logo.png",
  "lang": "en",
  "license": "MIT",
  "name": "DramaCool",
  "package": "dramacool.pa",
  "type": "bangumi",
  "url": "dramacool.pa.js",
  "version": "v0.0.3",
  "webSite": "https://proxy.techzbots1.workers.dev/?u=https://nontan-source-kgw9jch3s-imkryp70n.vercel.app/movies/dramacool"
 },
 {
  "author": "OshekharO",
  "icon": "https://eroticmv.com/wp-content/uploads/2020/05/cropped-favicon-32x32-1-192x192.png",
  "lang": "all",
  "license": "MIT",
  "name": "EroticMV",
  "nsfw": "true",
  "package": "eroticmv.com",
  "type": "bangumi",
  "url": "eroticmv.com.js",
  "version": "v0.0.1",
  "webSite": "https://eroticmv.com"
 },
 {
  "author": "hualiong",
  "icon": "https://feisuzy.com/statics/img/favicon.ico",
  "lang": "zh-cn",
  "license": "MIT",
  "name": "飞速资源",
  "nsfw": "false",
  "package": "feisuzy.com",
  "type": "bangumi",
  "url": "feisuzy.com.js",
  "version": "v0.0.1",
  "webSite": "https://feisuzy.com"
 },
 {
  "author": "hualiong",
  "icon": "https://cj.ffzyapi.com/favicon.ico",
  "lang": "zh-cn",
  "license": "MIT",
  "name": "非凡资源",
  "nsfw": "false",
  "package": "ffzy.tv",
  "type": "bangumi",
  "url": "ffzy.tv.js",
  "version": "v0.0.1",
  "webSite": "https://cj.ffzyapi.com"
 },
 {
  "author": "OshekharO",
  "icon": "https://i.postimg.cc/SNhTmxT5/FilmyCab.png",
  "lang": "hi",
  "license": "MIT",
  "name": "FilmyCab",
  "nsfw": "false",
  "package": "filmycab",
  "type": "bangumi",
  "url": "filmycab.js",
  "version": "v0.0.2",
  "webSite": "https://afilmyhub.mom"
 },
 {
  "author": "appdevelpo",
  "icon": "https://111.90.140.97/wp-content/uploads/2022/09/Fliz-Hindi-Movie-Website-02.jpg",
  "lang": "hi",
  "license": "MIT",
  "name": "FilmyPunjab",
  "nsfw": "false",
  "package": "filmypunjab.com",
  "type": "bangumi",
  "url": "filmypunjab.com.js",
  "version": "v0.0.3",
  "webSite": "https://111.90.140.97"
 },
 {
  "author": "bethro",
  "icon": "https://flamecomics.com/wp-content/uploads/2021/03/cropped-fds-1-192x192.png",
  "lang": "en",
  "license": "MIT",
  "name": "FlameComics",
  "package": "flamecomics.com",
  "type": "manga",
  "url": "flamecomics.com.js",
  "version": "v0.0.1",
  "webSite": "https://flamecomics.com/"
 },
 {
  "author": "OshekharO",
  "icon": "https://flixhq.vip/wp-content/uploads/2024/04/flixhq-logo-2.png",
  "lang": "en",
  "license": "MIT",
  "name": "FlixHQ",
  "package": "flixhq",
  "type": "bangumi",
  "url": "flixhq.js",
  "version": "v0.0.1",
  "webSite": "https://consumet8.vercel.app/movies/flixhq"
 },
 {
  "author": "funtoons",
  "icon": "https://funtoons.online/wp-content/themes/mangareader/assets/images/android-chrome-192x192.png",
  "lang": "th",
  "license": "MIT",
  "name": "Funtoons",
  "package": "funtoons.online",
  "type": "manga",
  "url": "funtoons.online.js",
  "version": "v0.0.1",
  "webSite": "https://funtoons.online"
 },
 {
  "author": "bachig26",
  "icon": "https://gakiarchives.com/images/logo.png",
  "lang": "en",
  "license": "MIT",
  "name": "GakiArchives",
  "nsfw": "false",
  "package": "gakiarchives.com",
  "type": "bangumi",
  "url": "gakiarchives.com.js",
  "version": "v0.0.1",
  "webSite": "https://gakiarchives.com"
 },
 {
  "author": "appdevelpo",
  "icon": "https://gimy.su/favicon.ico",
  "lang": "zh",
  "license": "MIT",
  "name": "gimy",
  "nsfw": "false",
  "package": "gimy.su",
  "type": "bangumi",
  "url": "gimy.su.js",
  "version": "v0.0.2",
  "webSite": "https://gimy.su"
 },
 {
  "author": "OshekharO",
  "icon": "https://ww9.gogoanimes.fi/img/icon/logo.png",
  "lang": "en",
  "license": "MIT",
  "name": "GoGoAnime",
  "package": "gogo.anime",
  "type": "bangumi",
  "url": "gogo.anime.js",
  "version": "v0.0.8",
  "webSite": "https://consumet-leox-api.vercel.app/anime/gogoanime"
 },
 {
  "author": "appdevelpo",
  "icon": "https://img4.qy0.ru/data/2205/36/tab_logo.png",
  "lang": "zh",
  "license": "MIT",
  "name": "Hanime",
  "nsfw": "true",
  "package": "hanime1.me",
  "type": "bangumi",
  "url": "hanime1.me.js",
  "version": "v0.0.1",
  "webSite": "https://hanime1.me"
 },
 {
  "author": "OshekharO",
  "icon": "https://s1.cdnimg.me:9000/hentaidexy/opengraph-image.png",
  "lang": "en",
  "license": "MIT",
  "name": "HentaiDexy",
  "nsfw": "true",
  "package": "hentaidexy.net",
  "type": "manga",
  "url": "hentaidexy.net.js",
  "version": "v0.0.1",
  "webSite": "https://backend.hentaidexy.net"
 },
 {
  "author": "OshekharO",
  "icon": "https://hianime.to/favicon.ico",
  "lang": "en",
  "license": "MIT",
  "name": "HiAnime",
  "package": "hianime.to",
  "type": "bangumi",
  "url": "hianime.to.js",
  "version": "v0.0.8",
  "webSite": "https://hianime.to"
 },
 {
  "author": "hualiong",
  "icon": "https://tse3-mm.cn.bing.net/th/id/OIP-C.PrZFaCYKWBtyufV16WIxhQBRBQ",
  "lang": "zh-cn",
  "license": "MIT",
  "name": "华为吧资源",
  "nsfw": "false",
  "package": "huaweiba.live",
  "type": "bangumi",
  "url": "huaweiba.live.js",
  "version": "v0.0.1",
  "webSite": "https://huaweiba.live"
 },
 {
  "author": "Nazz",
  "icon": "https://vip.idlixofficial.net/wp-content/uploads/2020/06/idlix.png",
  "lang": "id",
  "license": "MIT",
  "name": "IDLIX",
  "nsfw": "false",
  "package": "idlix",
  "tags": "movie,tvseries,anime,english",
  "type": "bangumi",
  "url": "idlix.js",
  "version": "v0.0.2",
  "webSite": "https://vip.idlixofficial.net"
 },
 {
  "author": "hualiong",
  "icon": "https://ikunzy.org/favicon.ico",
  "lang": "zh-cn",
  "license": "MIT",
  "name": "iKun资源",
  "nsfw": "true",
  "package": "ikunzy.com",
  "type": "bangumi",
  "url": "ikunzy.com.js",
  "version": "v0.0.1",
  "webSite": "https://ikunzy.org"
 },
 {
  "author": "OshekharO",
  "icon": "https://invidious.io/apple-touch-icon.png",
  "lang": "all",
  "license": "MIT",
  "name": "Invidious",
  "package": "invidious.io",
  "type": "bangumi",
  "url": "invidious.io.js",
  "version": "v0.0.3",
  "webSite": "https://iv.ggtyler.dev/api/v1"
 },
 {
  "author": "vvsolo",
  "description": "iptv-org",
  "icon": "https://avatars.githubusercontent.com/u/55937028?s=200\u0026v=4",
  "lang": "all",
  "license": "MIT",
  "name": "IPTV-ORG",
  "nsfw": "false",
  "package": "iptv-org",
  "type": "bangumi",
  "url": "iptv-org.js",
  "version": "v0.0.1",
  "webSite": "https://iptv-org.github.io/iptv"
 },
 {
  "author": "bethro",
  "icon": "https://sp-ao.shortpixel.ai/client/to_webp,q_glossy,ret_img,w_192,h_192/https://m.isekaiscan.to/wp-content/uploads/2023/03/0_20230304_101820_0000-300x300.png",
  "lang": "en",
  "license": "MIT",
  "name": "IsekaiScan",
  "package": "isekaiscan.to",
  "type": "manga",
  "url": "isekaiscan.to.js",
  "version": "v0.0.3",
  "webSite": "https://m.isekaiscan.to"
 },
 {
  "author": "bachig26",
  "icon": "https://javhd.icu/wp-content/uploads/2020/04/javhdicuu-logO.png",
  "lang": "jp",
  "license": "MIT",
  "name": "JAVHD.icu",
  "nsfw": "true",
  "package": "javhd.icu",
  "type": "bangumi",
  "url": "javhd.icu.js",
  "version": "v0.0.1",
  "webSite": "https://javhd.icu"
 },
 {
  "author": "hualiong",
  "icon": "https://www.jisuzy.com/template/default/images/site_logo.png",
  "lang": "zh-cn",
  "license": "MIT",
  "name": "极速资源",
  "nsfw": "false",
  "package": "jisuzy.com",
  "type": "bangumi",
  "url": "jisuzy.com.js",
  "version": "v0.0.2",
  "webSite": "https://jisuzy.com"
 },
 {
  "author": "OshekharO",
  "icon": "https://www.juxiaoshuo.net/images/nocover.png",
  "lang": "zh-cn",
  "license": "MIT",
  "name": "聚小说",
  "package": "juxiaoshuo",
  "type": "fikushon",
  "url": "juxiaoshuo.js",
  "version": "v0.0.1",
  "webSite": "https://www.juxiaoshuo.net"
 },
 {
  "author": "OshekharO",
  "icon": "https://kimcartoon.li/Content/images/favicon.ico",
  "lang": "en",
  "license": "MIT",
  "name": "KimCartoon",
  "package": "kimcartoon.li",
  "type": "bangumi",
  "url": "kimcartoon.li.js",
  "version": "v0.0.2",
  "webSite": "https://kimcartoon.li"
 },
 {
  "author": "OshekharO",
  "icon": "https://kisskh.co/assets/icons/icon-192x192.png",
  "lang": "all",
  "license": "MIT",
  "name": "Kisskh",
  "package": "kisskh.co",
  "type": "bangumi",
  "url": "kisskh.co.js",
  "version": "v0.0.3",
  "webSite": "https://kisskh.co"
 },
 {
  "author": "hualiong",
  "icon": "https://komiic.com/favicon.ico",
  "lang": "zh-tw",
  "license": "MIT",
  "name": "Komiic漫畫",
  "nsfw": "false",
  "package": "komiic.com",
  "type": "manga",
  "url": "komiic.com.js",
  "version": "v0.0.2",
  "webSite": "https://komiic.com"
 },
 {
  "author": "bethro",
  "icon": "https://komikcast.lol/wp-content/uploads/2021/02/cropped-logo-kc-180x180.png",
  "lang": "all",
  "license": "MIT",
  "name": "Komikcast",
  "package": "komikcast.lol",
  "type": "manga",
  "url": "komikcast.lol.js",
  "version": "v0.0.1",
  "webSite": "https://komikcast.lol"
 },
 {
  "author": "Nazz",
  "icon": "https://komiku.com/wp-content/uploads/2022/03/cropped-ico-komiku-180x180.jpg",
  "lang": "id",
  "license": "MIT",
  "name": "Komiku.com",
  "nsfw": "false",
  "package": "komiku.com",
  "tags": "indonesia",
  "type": "manga",
  "url": "komiku.com.js",
  "version": "v0.0.1",
  "webSite": "https://komiku.com"
 },
 {
  "author": "ZenZEE",
  "icon": "https://kuromanhua.xyz/wp-content/uploads/Tanpa-Judul.png",
  "lang": "id",
  "license": "MIT",
  "name": "Kuromanhua.xyz",
  "nsfw": "false",
  "package": "komiku.com",
  "tags": "indonesia",
  "type": "manga",
  "url": "kuromanhua.xyz.js",
  "version": "v0.0.1",
  "webSite": "https://kuromanhua.xyz"
 },
 {
  "author": "hualiong",
  "icon": "https://lyzy8.top/upload/site/20240405-1/0abc49d6b935f5ff17488568f99d2d52.png",
  "lang": "zh-cn",
  "license": "MIT",
  "name": "老鸭资源",
  "nsfw": "true",
  "package": "laoyazy.com",
  "type": "bangumi",
  "url": "laoyazy.com.js",
  "version": "v0.0.1",
  "webSite": "https://laoyazy.com"
 },
 {
  "author": "appdevelpo",
  "icon": "https://letv.im/template/letv/asset/img/favicon.png",
  "lang": "zh",
  "license": "MIT",
  "name": "Letv影院",
  "package": "letv.im",
  "type": "bangumi",
  "url": "letv.im.js",
  "version": "v0.0.1",
  "webSite": "https://letv.im"
 },
 {
  "author": "hualiong",
  "icon": "https://libvio.art/statics/img/favicon.ico",
  "lang": "zh-cn",
  "license": "MIT",
  "name": "libvio",
  "package": "libvio.app",
  "type": "bangumi",
  "url": "libvio.app.js",
  "version": "v0.0.3",
  "webSite": "https://www.libvio.app"
 },
 {
  "author": "bethro",
  "icon": "https://lilymanga.net/wp-content/uploads/2019/12/cropped-2Prancheta-1-192x192.png",
  "lang": "en",
  "license": "MIT",
  "name": "LilyManga",
  "package": "lilymanga.net",
  "type": "manga",
  "url": "lilymanga.net.js",
  "version": "v0.0.1",
  "webSite": "https://lilymanga.net"
 },
 {
  "author": "OshekharO",
  "icon": "https://s8.lk21static.xyz/wp-content/themes/dunia21/images/favicon-set/apple-icon-144x144.png",
  "lang": "id",
  "license": "MIT",
  "name": "LayarKaca",
  "nsfw": "false",
  "package": "lk21official",
  "type": "bangumi",
  "url": "lk21official.js",
  "version": "v0.0.2",
  "webSite": "https://tv3.lk21official.wiki"
 },
 {
  "author": "hualiong",
  "icon": "https://lzizy2.com/favicon.ico",
  "lang": "zh-cn",
  "license": "MIT",
  "name": "量子资源",
  "nsfw": "false",
  "package": "lzzy.tv",
  "type": "bangumi",
  "url": "lzzy.tv.js",
  "version": "v0.0.1",
  "webSite": "https://lzizy.com"
 },
 {
  "author": "appdevelpo",
  "icon": "https://www.manga4life.com/media/favicon.png",
  "lang": "en",
  "license": "MIT",
  "name": "MangaLife",
  "nsfw": "false",
  "package": "manga4life.com",
  "type": "manga",
  "url": "manga4life.com.js",
  "version": "v0.0.1",
  "webSite": "https://www.manga4life.com"
 },
 {
  "author": "bethro",
  "icon": "https://h.mangabat.com/favicon-96x96.png",
  "lang": "en",
  "license": "MIT",
  "name": "MangaBat",
  "package": "mangabat.com",
  "type": "manga",
  "url": "mangabat.com.js",
  "version": "v0.0.1",
  "webSite": "https://h.mangabat.com"
 },
 {
  "author": "bethro",
  "icon": "https://mangaclash.com/wp-content/uploads/2020/03/cropped-22.jpg",
  "lang": "en",
  "license": "MIT",
  "name": "MangaClash",
  "package": "mangaclash.com",
  "type": "manga",
  "url": "mangaclash.com.js",
  "version": "v0.0.1",
  "webSite": "https://mangaclash.com"
 },
 {
  "author": "hualiong",
  "icon": "https://tse1-mm.cn.bing.net/th/id/OIP-C.KCerrBL9dq9e8ydGaiyy2QAAAA",
  "lang": "zh-cn",
  "license": "MIT",
  "name": "拷贝漫画",
  "package": "mangacopy.com",
  "type": "manga",
  "url": "mangacopy.com.js",
  "version": "v0.0.4",
  "webSite": "https://www.mangacopy.com"
 },
 {
  "author": "OshekharO",
  "icon": "https://mangacross.jp/favicon.ico",
  "lang": "jp",
  "license": "MIT",
  "name": "マンガクロス",
  "package": "mangacross.jp",
  "type": "manga",
  "url": "mangacross.jp.js",
  "version": "v0.0.1",
  "webSite": "https://mangacross.jp"
 },
 {
  "author": "bethro",
  "icon": "https://mangadex.org/img/avatar.png",
  "lang": "all",
  "license": "MIT",
  "name": "MangaDex",
  "package": "mangadex.org",
  "type": "manga",
  "url": "mangadex.org.js",
  "version": "v0.0.2",
  "webSite": "https://api.mangadex.org"
 },
 {
  "author": "shashankx86",
  "icon": "https://mangakatana.com/static/img/fav.png",
  "lang": "en",
  "license": "MIT",
  "name": "Mangakatana",
  "package": "mangakatana.com",
  "type": "manga",
  "url": "mangakatana.com.js",
  "version": "v0.0.1",
  "webSite": "https://mangakatana.com/"
 },
 {
  "author": "OshekharO",
  "icon": "https://mangakomi.io/wp-content/uploads/2019/12/v-I-BhKu.jpeg",
  "lang": "en",
  "license": "MIT",
  "name": "MangaKomi",
  "package": "mangakomi",
  "type": "manga",
  "url": "mangakomi.js",
  "version": "v0.0.1",
  "webSite": "https://mangakomi.io"
 },
 {
  "author": "OshekharO",
  "icon": "https://manganato.com/themes/hm/images/logo.png",
  "lang": "en",
  "license": "MIT",
  "name": "Manganato",
  "package": "manganato",
  "type": "manga",
  "url": "manganato.js",
  "version": "v0.0.1",
  "webSite": "https://manganato.com"
 },
 {
  "author": "ftbom",
  "icon": "https://www.manhuadb.com/assets/www/img/favicon.png",
  "lang": "zh",
  "license": "MIT",
  "name": "漫画DB",
  "nsfw": "false",
  "package": "manhuadb.com",
  "type": "manga",
  "url": "manhuadb.com.js",
  "version": "v0.0.1",
  "webSite": "https://www.manhuadb.com"
 },
 {
  "author": "appdevelpo",
  "icon": "https://www.manhuagui.com/favicon.ico",
  "lang": "zh-cn",
  "license": "MIT",
  "name": "漫画柜",
  "nsfw": "false",
  "package": "manhuagui.com",
  "type": "manga",
  "url": "manhuagui.com.js",
  "version": "v0.0.3",
  "webSite": "https://api-manhuagui.aoihosizora.top/v1"
 },
 {
  "author": "MiaoMint",
  "description": "蜜柑计划：新一代的动漫下载站",
  "icon": "https://mikanani.me/images/mikan-pic.png",
  "lang": "zh-cn",
  "license": "MIT",
  "name": "Mikanani",
  "package": "me.mikanani",
  "type": "bangumi",
  "url": "me.mikanani.js",
  "version": "v0.0.4",
  "webSite": "https://mikanani.me"
 },
 {
  "author": "hualiong",
  "icon": "https://moduzy.vip/favicon.ico",
  "lang": "zh-cn",
  "license": "MIT",
  "name": "魔都资源网",
  "nsfw": "true",
  "package": "moduzy.com",
  "type": "bangumi",
  "url": "moduzy.com.js",
  "version": "v0.0.1",
  "webSite": "https://moduzy.vip"
 },
 {
  "author": "MiaoMint",
  "description": "https://github.com/Enime-Project/api.enime.moe",
  "icon": "https://avatars.githubusercontent.com/u/74993083?s=200\u0026v=4",
  "lang": "all",
  "license": "MIT",
  "name": "Enime",
  "package": "moe.enime",
  "type": "bangumi",
  "url": "moe.enime.js",
  "version": "v0.0.5",
  "webSite": "https://api.enime.moe"
 },
 {
  "author": "NPGamma",
  "icon": "https://www.wenku8.net/favicon.ico",
  "lang": "zh-cn",
  "license": "AGPL-3.0",
  "name": "轻小说文库",
  "package": "moe.wol.wenku8",
  "type": "fikushon",
  "url": "moe.wol.wenku8.js",
  "version": "v0.0.1",
  "webSite": "https://www.wenku8.net"
 },
 {
  "author": "OshekharO",
  "icon": "https://monoschinos2.com/public/img/logo6.png",
  "lang": "es",
  "license": "MIT",
  "name": "MonosChinos",
  "nsfw": "false",
  "package": "monoschinos",
  "type": "bangumi",
  "url": "monoschinos.js",
  "version": "v0.0.1",
  "webSite": "https://monoschinos2.com"
 },
 {
  "author": "appdevelpo",
  "icon": "https://i2.wp.com/107.152.37.223/wp-content/uploads/2020/12/cropped-Movieku-2-32x32.jpg",
  "lang": "id",
  "license": "MIT",
  "name": "Movieku",
  "nsfw": "false",
  "package": "movieku.lol",
  "type": "bangumi",
  "url": "movieku.lol.js",
  "version": "v0.0.3",
  "webSite": "https://movieku.lol"
 },
 {
  "author": "MiaoMint",
  "description": "info",
  "icon": "https://yts.mx/assets/images/website/apple-touch-icon-144x144.png",
  "lang": "all",
  "license": "MIT",
  "name": "YTS.mx",
  "package": "mx.yts",
  "type": "bangumi",
  "url": "mx.yts.js",
  "version": "v0.0.6",
  "webSite": "https://yts.mx"
 },
 {
  "author": "bachig26",
  "icon": "https://netfapx.com/wp-content/uploads/2017/11/netfapx-lg-1_319381e1f227e13ae1201bfa30857622.png",
  "lang": "en",
  "license": "MIT",
  "name": "NETFAPX",
  "nsfw": "true",
  "package": "netfapx.com",
  "type": "bangumi",
  "url": "netfapx.com.js",
  "version": "v0.0.1",
  "webSite": "https://netfapx.com"
 },
 {
  "author": "OshekharO",
  "icon": "https://nhentai.to/favicon.ico",
  "lang": "all",
  "license": "MIT",
  "name": "Nhentai",
  "nsfw": "true",
  "package": "nhentai.to",
  "type": "manga",
  "url": "nhentai.to.js",
  "version": "v0.0.3",
  "webSite": "https://nhentai.to"
 },
 {
  "author": "JerukPurut404",
  "icon": "https://nimegami.id/wp-content/uploads/2018/07/Nimegami-anime.png",
  "lang": "id",
  "license": "MIT",
  "name": "Nimegami",
  "package": "nimegami.id",
  "type": "bangumi",
  "url": "nimegami.id.js",
  "version": "v0.0.2",
  "webSite": "https://nimegami.id"
 },
 {
  "author": "appdevelpo",
  "description": "more.",
  "icon": "https://nyaa.si/static/favicon.png",
  "lang": "en",
  "license": "MIT",
  "name": "Nyaa",
  "package": "nyaa.si",
  "type": "bangumi",
  "url": "nyaa.si.js",
  "version": "v0.0.1",
  "webSite": "https://nyaa.si"
 },
 {
  "author": "hualiong",
  "icon": "https://files.superbed.cn/proxy/7468686c6f26333378737f75717b2f3278737f6f326d6d327f73713375717d7b79335d7b5d5d5f2a6931484a4c5d71757f28666d4650502b682c28702f4b2b566a6c326c727b",
  "lang": "zh-cn",
  "license": "MIT",
  "name": "NyaFun动漫",
  "nsfw": "false",
  "package": "nyacg.net",
  "type": "bangumi",
  "url": "nyacg.net.js",
  "version": "v0.0.5",
  "webSite": "https://www.nyacg.net"
 },
 {
  "author": "bethro",
  "icon": "https://omegascans.org/icon.png",
  "lang": "en",
  "license": "MIT",
  "name": "Omegascans",
  "nsfw": "true",
  "package": "omegascans.org",
  "type": "manga",
  "url": "omegascans.org.js",
  "version": "v0.0.2",
  "webSite": "https://api.omegascans.org"
 },
 {
  "author": "OshekharO",
  "icon": "https://onejav.com/static/img/onejav.5468a5a7d373.png",
  "lang": "jp",
  "license": "MIT",
  "name": "OneJav",
  "nsfw": "true",
  "package": "onejav.com",
  "type": "bangumi",
  "url": "onejav.com.js",
  "version": "v0.0.1",
  "webSite": "https://onejav.com"
 },
 {
  "author": "Nazz",
  "icon": "https://otakudesu.cloud/wp-content/uploads/2017/06/Logo-1.png",
  "lang": "id",
  "license": "MIT",
  "name": "Otakudesu",
  "nsfw": "false",
  "package": "otakudesu",
  "tags": "anime,indonesia",
  "type": "bangumi",
  "url": "otakudesu.js",
  "version": "v0.0.1",
  "webSite": "https://otakudesu.cloud"
 },
 {
  "author": "OshekharO",
  "icon": "https://haha888.xyz/wp-content/uploads/2024/03/cropped-Screenshot-from-2024-03-02-10-42-19-192x192.png",
  "lang": "jp",
  "license": "MIT",
  "name": "在线影院",
  "nsfw": "true",
  "package": "p7av.com",
  "type": "bangumi",
  "url": "p7av.com.js",
  "version": "v0.0.2",
  "webSite": "https://www.haha888.xyz"
 },
 {
  "author": "bethro",
  "icon": "https://piped.video/img/icons/android-chrome-192x192.png",
  "lang": "all",
  "license": "MIT",
  "name": "Piped",
  "package": "piped.video",
  "type": "bangumi",
  "url": "piped.video.js",
  "version": "v0.0.1",
  "webSite": "https://piped.video"
 },
 {
  "author": "bachig26",
  "icon": "https://www.pornxp.com/logo2.png",
  "lang": "en",
  "license": "MIT",
  "name": "PornXP",
  "nsfw": "true",
  "package": "pornxp.com",
  "type": "bangumi",
  "url": "pornxp.com.js",
  "version": "v0.0.1",
  "webSite": "https://www.pornxp.com"
 },
 {
  "author": "bethro",
  "icon": "https://i0.wp.com/ravenscans.com/wp-content/uploads/2022/12/cropped-33-192x192.png",
  "lang": "en",
  "license": "MIT",
  "name": "Ravenscans",
  "package": "ravenscans.com",
  "type": "manga",
  "url": "ravenscans.com.js",
  "version": "v0.0.1",
  "webSite": "https://ravenscans.com"
 },
 {
  "author": "appdevelpo",
  "icon": "https://rawkuma.com/wp-content/uploads/2020/01/cropped-Yuna.Kuma_.Kuma_.Kuma_.Bear_.full_.2385251-32x32.png",
  "lang": "jp",
  "license": "MIT",
  "name": "rawkuma",
  "nsfw": "false",
  "package": "rawkuma.com",
  "type": "manga",
  "url": "rawkuma.com.js",
  "version": "v0.0.2",
  "webSite": "https://rawkuma.com"
 },
 {
  "author": "OshekharO",
  "icon": "https://readcomicsonline.ru/images/banner.jpg",
  "lang": "en",
  "license": "MIT",
  "name": "ReadComicsOnline",
  "package": "readcomicsonline.ru",
  "type": "manga",
  "url": "readcomicsonline.ru.js",
  "version": "v0.0.1",
  "webSite": "https://readcomicsonline.ru"
 },
 {
  "author": "MiaoMint",
  "lang": "zh-cn",
  "license": "MIT",
  "name": "免费小说网",
  "nsfw": "true",
  "package": "ren.0u0.miru.mfxs",
  "type": "fikushon",
  "url": "ren.0u0.miru.mfxs.js",
  "version": "v0.0.1",
  "webSite": "https://www.493d.com/"
 },
 {
  "author": "MiaoMint",
  "icon": "http://r.photo.store.qq.com/psb?/V12tx9ch2GA3dz/FqLQBHE23P.c*XKPM4RI*6*aL0mdnoww*2zSjghMKn8!/r/dPIAAAAAAAAA",
  "lang": "zh-cn",
  "license": "MIT",
  "name": "ACG.RIP",
  "package": "rip.acg",
  "type": "bangumi",
  "url": "rip.acg.js",
  "version": "v0.0.1",
  "webSite": "https://acg.rip"
 },
 {
  "author": "appdevelpo",
  "icon": "https://www.royalroad.com/icons/favicon.ico?v=20200125",
  "lang": "en",
  "license": "MIT",
  "name": "RoyalRoad",
  "nsfw": "false",
  "package": "royalroad.com",
  "type": "fikushon",
  "url": "royalroad.com.js",
  "version": "v0.0.3",
  "webSite": "https://www.royalroad.com"
 },
 {
  "author": "jeylists",
  "icon": "https://rule34video.com/favicon-32x32.png",
  "lang": "en",
  "license": "MIT",
  "name": "Rule34Video",
  "nsfw": "true",
  "package": "rule34video.com",
  "type": "bangumi",
  "url": "rule34video.com.js",
  "version": "v0.0.1",
  "webSite": "https://rule34video.com"
 },
 {
  "author": "Monster",
  "icon": "https://cdn.yinghuazy.xyz/webjs/zkk7/statics/img/favicon.ico",
  "lang": "zh-cn",
  "license": "MIT",
  "name": "樱花动漫",
  "package": "sakura",
  "type": "bangumi",
  "url": "sakura.js",
  "version": "v0.0.2",
  "webSite": "https://www.vdm8.com"
 },
 {
  "author": "Nazz",
  "icon": "https://samehadaku.email/wp-content/uploads/2020/04/cropped-download-1-192x192.jpg",
  "lang": "id",
  "license": "MIT",
  "name": "Samehadaku",
  "nsfw": "false",
  "package": "samehadaku",
  "tags": "anime,indonesia",
  "type": "bangumi",
  "url": "samehadaku.js",
  "version": "v0.0.1",
  "webSite": "https://samehadaku.email"
 },
 {
  "author": "hualiong",
  "icon": "https://semaozy3.com/template/svpro/img/logo.png",
  "lang": "zh-cn",
  "license": "MIT",
  "name": "色猫资源",
  "nsfw": "true",
  "package": "semaozy.com",
  "type": "bangumi",
  "url": "semaozy.com.js",
  "version": "v0.0.1",
  "webSite": "https://semaozy.com"
 },
 {
  "author": "hualiong",
  "icon": "https://senlinzy.com/template/demo/img/logo.gif",
  "lang": "zh-cn",
  "license": "MIT",
  "name": "森林资源",
  "nsfw": "true",
  "package": "senlinzy.com",
  "type": "bangumi",
  "url": "senlinzy.com.js",
  "version": "v0.0.1",
  "webSite": "https://senlinzy.com"
 },
 {
  "author": "appdevelpo",
  "icon": "https://img.sflix.to/xxrz/100x100/100/a2/33/a233d4c4a1426ca77ec1d34deec62f71/a233d4c4a1426ca77ec1d34deec62f71.png",
  "lang": "en",
  "license": "MIT",
  "name": "sFlix",
  "nsfw": "false",
  "package": "sflix.to",
  "type": "bangumi",
  "url": "sflix.to.js",
  "version": "v0.0.3",
  "webSite": "https://sflix.to"
 },
 {
  "author": "OshekharO",
  "icon": "https://www.simply-hentai.com/favicon.ico",
  "lang": "all",
  "license": "MIT",
  "name": "SimplyHentai",
  "nsfw": "true",
  "package": "simplyhentai.com",
  "type": "manga",
  "url": "simplyhentai.com.js",
  "version": "v0.0.2",
  "webSite": "https://cors.notesnook.com/https://api.simply-hentai.com/v3"
 },
 {
  "author": "bachig26",
  "icon": "https://mkvdrama.org/wp-content/uploads/2023/03/474a064744e1d9fe02e1124b2b071c70.png",
  "lang": "en",
  "license": "MIT",
  "name": "MkvDrama",
  "nsfw": "false",
  "package": "stream.mkvdrama.org",
  "type": "bangumi",
  "url": "stream.mkvdrama.org.js",
  "version": "v0.0.2",
  "webSite": "https://stream.mkvdrama.org"
 },
 {
  "author": "hualiong",
  "icon": "https://www.subozy.com/upload/site/20230220-1/e632a403d903b831199109f99189f480.png",
  "lang": "zh-cn",
  "license": "MIT",
  "name": "速播资源",
  "nsfw": "false",
  "package": "subozy.com",
  "type": "bangumi",
  "url": "subozy.com.js",
  "version": "v0.0.1",
  "webSite": "https://www.subozy.com"
 },
 {
  "author": "bachig26",
  "icon": "https://www.supercartoons.net/wp-content/uploads/logo.png",
  "lang": "en",
  "license": "MIT",
  "name": "SuperCartoons",
  "nsfw": "false",
  "package": "supercartoons.net",
  "type": "bangumi",
  "url": "supercartoons.net.js",
  "version": "v0.0.1",
  "webSite": "https://www.supercartoons.net"
 },
 {
  "author": "bethro",
  "icon": "https://swatmanhua.com/images/logo_light.png",
  "lang": "ar",
  "license": "MIT",
  "name": "swatmanhua",
  "package": "swatmanhua.com",
  "type": "manga",
  "url": "swatmanhua.com.js",
  "version": "v0.0.1",
  "webSite": "https://swatmanhua.com"
 },
 {
  "author": "appdevelpo",
  "icon": "https://tamilyogi.plus/wp-content/uploads/2021/06/ty.png",
  "lang": "hi-ta",
  "license": "MIT",
  "name": "TamilYogi",
  "nsfw": "false",
  "package": "tamilyogi",
  "type": "bangumi",
  "url": "tamilyogi.js",
  "version": "v0.0.4",
  "webSite": "https://tamilyogi.plus"
 },
 {
  "author": "OshekharO",
  "icon": "https://res.taotu.org/favicon.ico",
  "lang": "all",
  "license": "MIT",
  "name": "Taotu[Photo]",
  "nsfw": "true",
  "package": "taotu",
  "type": "manga",
  "url": "taotu.js",
  "version": "v0.0.1",
  "webSite": "https://en.taotu.org"
 },
 {
  "author": "OshekharO",
  "icon": "https://teamxnovel.com/assets/images/favicon.png",
  "lang": "ar",
  "license": "MIT",
  "name": "TeamxNovel",
  "package": "teamxnovel.com",
  "type": "manga",
  "url": "teamxnovel.com.js",
  "version": "v0.0.1",
  "webSite": "https://teamxnovel.com"
 },
 {
  "author": "OshekharO",
  "icon": "https://themoviearchive.site/favicons/apple-touch-icon.png",
  "lang": "all",
  "license": "MIT",
  "name": "MoviesArc",
  "package": "themoviearchive",
  "type": "bangumi",
  "url": "themoviearchive.js",
  "version": "v0.0.2",
  "webSite": "https://api.themoviedb.org/3"
 },
 {
  "author": "bethro",
  "icon": "https://i.ibb.co/XtNNVVT/AR-TH-WEB.png",
  "lang": "ar",
  "license": "MIT",
  "name": "thunderscans",
  "package": "thunderscans.com",
  "type": "manga",
  "url": "thunderscans.com.js",
  "version": "v0.0.1",
  "webSite": "https://thunderscans.com"
 },
 {
  "author": "hualiong",
  "icon": "https://api.tiankongapi.com/template/v10012/images/logo.jpg",
  "lang": "zh-cn",
  "license": "MIT",
  "name": "天空资源网",
  "nsfw": "false",
  "package": "tiankongzy.com",
  "type": "bangumi",
  "url": "tiankongzy.com.js",
  "version": "v0.0.1",
  "webSite": "https://tiankongzy.com"
 },
 {
  "author": "hualiong",
  "icon": "https://to-long.com/favicon.ico",
  "lang": "zh-cn",
  "license": "MIT",
  "name": "橘猫资源",
  "nsfw": "true",
  "package": "to-long.com",
  "type": "bangumi",
  "url": "to-long.com.js",
  "version": "v0.0.1",
  "webSite": "https://to-long.com"
 },
 {
  "author": "zj",
  "icon": "https://www.lkp2.top/template/muban8/favicon.ico",
  "lang": "zh-cn",
  "license": "MIT",
  "name": "好看的1号",
  "nsfw": "true",
  "package": "top.lkp2.www",
  "type": "bangumi",
  "url": "top.lkp2.www.js",
  "version": "v0.0.1",
  "webSite": "https://www.lkp2.top/"
 },
 {
  "author": "bachig26",
  "icon": "https://www.topcartoons.tv/wp-content/uploads/logo.png",
  "lang": "en",
  "license": "MIT",
  "name": "TopCartoons",
  "nsfw": "false",
  "package": "topcartoons.tv",
  "type": "bangumi",
  "url": "topcartoons.tv.js",
  "version": "v0.0.1",
  "webSite": "https://www.topcartoons.tv"
 },
 {
  "author": "OshekharO",
  "icon": "https://st.nettruyenus.com/data/logos/logo-nettruyen.png",
  "lang": "vi",
  "license": "MIT",
  "name": "NetTruyen",
  "package": "truyen.net",
  "type": "manga",
  "url": "truyen.net.js",
  "version": "v0.0.5",
  "webSite": "https://comics-api.vercel.app"
 },
 {
  "author": "OshekharO",
  "icon": "https://www2.turkish123.org/wp-content/uploads/favicon.png",
  "lang": "tr",
  "license": "MIT",
  "name": "Turkish123",
  "nsfw": "false",
  "package": "turkish123",
  "type": "bangumi",
  "url": "turkish123.js",
  "version": "v0.0.2",
  "webSite": "https://www2.turkish123.org"
 },
 {
  "author": "wenmoux",
  "icon": "https://www.uaa.com/assets/uaalogo.7acb1f90.svg",
  "lang": "zh-cn",
  "license": "MIT",
  "name": "UAA视频",
  "nsfw": "true",
  "package": "uaa.com",
  "type": "bangumi",
  "url": "uaa.com.js",
  "version": "v0.0.1",
  "webSite": "https://www.uaa.com/api/video/app/video"
 },
 {
  "author": "hualiong",
  "icon": "https://ukuzy3.com/template/vipzy/images/logo.gif",
  "lang": "zh-cn",
  "license": "MIT",
  "name": "U酷资源网",
  "nsfw": "false",
  "package": "ukuzy.com",
  "type": "bangumi",
  "url": "ukuzy.com.js",
  "version": "v0.0.1",
  "webSite": "https://ukuzy.com"
 },
 {
  "author": "CakesTwix",
  "icon": "https://www.google.com/s2/favicons?domain=unimay.media\u0026sz=256",
  "lang": "uk",
  "license": "GPL3",
  "name": "Unimay",
  "package": "unimay.media",
  "type": "bangumi",
  "url": "unimay.media.js",
  "version": "v0.0.1",
  "webSite": "https://api.unimay.media"
 },
 {
  "author": "Moleys",
  "icon": "https://truyen.tangthuvien.vn/images/icon-favico.png",
  "lang": "vi",
  "license": "MIT",
  "name": "viện",
  "nsfw": "false",
  "package": "vn.tangthuvien",
  "type": "fikushon",
  "url": "vn.tangthuvien.js",
  "version": "v0.0.1",
  "webSite": "https://truyen.tangthuvien.vn"
 },
 {
  "author": "Horis",
  "lang": "zh-cn",
  "license": "MIT",
  "name": "影视集合",
  "package": "vod.api.json.collection",
  "type": "bangumi",
  "url": "vod.api.json.collection.js",
  "version": "v0.0.3",
  "webSite": "https://"
 },
 {
  "author": "Bad",
  "lang": "zh-cn",
  "license": "MIT",
  "name": "18影视集合",
  "nsfw": "true",
  "package": "vod.api.json.collection18",
  "type": "bangumi",
  "url": "vod.api.json.collection18.js",
  "version": "v0.0.1",
  "webSite": "https://"
 },
 {
  "author": "Horis",
  "lang": "zh-cn",
  "license": "MIT",
  "name": "八戒影视",
  "package": "vod.api.xml.bajie",
  "type": "bangumi",
  "url": "vod.api.xml.bajie.js",
  "version": "v0.0.1",
  "webSite": "https://cj.bajiecaiji.com"
 },
 {
  "author": "Monster",
  "icon": "https://www.dm530w.org/tpsf/fc_pic/favicon.ico",
  "lang": "zh-cn",
  "license": "MIT",
  "name": "风车动漫",
  "package": "windmill",
  "type": "bangumi",
  "url": "windmill.js",
  "version": "v0.0.1",
  "webSite": "https://www.dm530w.org"
 },
 {
  "author": "appdevelpo",
  "icon": "https://www.wnacg.com/favicon.ico",
  "lang": "zh-tw",
  "license": "MIT",
  "name": "紳士漫畫",
  "nsfw": "true",
  "package": "wnacg.com",
  "type": "manga",
  "url": "wnacg.com.js",
  "version": "v0.0.2",
  "webSite": "https://www.wnacg.com"
 },
 {
  "author": "OshekharO",
  "icon": "https://wnmtl.com/logo.png",
  "lang": "en",
  "license": "MIT",
  "name": "Wnmtl",
  "nsfw": "false",
  "package": "wnmtl.org",
  "type": "fikushon",
  "url": "wnmtl.org.js",
  "version": "v0.0.1",
  "webSite": "https://api.mystorywave.com/story-wave-backend/api/v1/content"
 },
 {
  "author": "hualiong",
  "icon": "https://wolongzy.cc/template/zyz/img/logo.png",
  "lang": "zh-cn",
  "license": "MIT",
  "name": "卧龙资源",
  "nsfw": "false",
  "package": "wolongzyw.com",
  "type": "bangumi",
  "url": "wolongzyw.com.js",
  "version": "v0.0.1",
  "webSite": "https://wolongzyw.com"
 },
 {
  "author": "OshekharO",
  "icon": "https://wtr-lab.com/images/favicon.png",
  "lang": "en",
  "license": "MIT",
  "name": "WTR-LAB",
  "package": "wtr-lab.com",
  "type": "fikushon",
  "url": "wtr-lab.com.js",
  "version": "v0.0.1",
  "webSite": "https://wtr-lab.com"
 },
 {
  "author": "hualiong",
  "icon": "https://wujinzy.com/template/ziyuan2/images/logo.jpg",
  "lang": "zh-cn",
  "license": "MIT",
  "name": "无尽资源网",
  "nsfw": "false",
  "package": "wujinzy.com",
  "type": "bangumi",
  "url": "wujinzy.com.js",
  "version": "v0.0.1",
  "webSite": "https://wujinzy.com"
 },
 {
  "author": "hualiong",
  "icon": "https://dick.xfani.com/upload/site/20240308-1/813e41f81d6f85bfd7a44bf8a813f9e5.png",
  "lang": "zh-cn",
  "license": "MIT",
  "name": "稀饭动漫",
  "nsfw": "false",
  "package": "xfani.com",
  "type": "bangumi",
  "url": "xfani.com.js",
  "version": "v0.1.1",
  "webSite": "https://dick.xfani.com"
 },
 {
  "author": "bachig26",
  "icon": "https://static-lvlt.xhcdn.com/xh-desktop/images/favicon/favicon-512x512.png?v=1",
  "lang": "en",
  "license": "MIT",
  "name": "xHamster",
  "nsfw": "true",
  "package": "xhamster.com",
  "type": "bangumi",
  "url": "xhamster.com.js",
  "version": "v0.0.1",
  "webSite": "https://xhamster.com"
 },
 {
  "author": "bachig26",
  "icon": "https://static-ss.xnxx-cdn.com/v3/img/skins/xnxx/logo-xnxx.png",
  "lang": "en",
  "license": "MIT",
  "name": "XNXX",
  "nsfw": "true",
  "package": "xnxx.com",
  "type": "bangumi",
  "url": "xnxx.com.js",
  "version": "v0.0.1",
  "webSite": "https://www.xnxx.com"
 },
 {
  "author": "bachig26",
  "icon": "https://static-ss.xvideos-cdn.com/v3/img/skins/default/logo/xv.white.180.png",
  "lang": "en",
  "license": "MIT",
  "name": "XVIDEOS",
  "nsfw": "true",
  "package": "xvideos.com",
  "type": "bangumi",
  "url": "xvideos.com.js",
  "version": "v0.0.1",
  "webSite": "https://www.xvideos.com"
 },
 {
  "author": "zj",
  "icon": "https://caocao15.xyz/upload/site/20230913-1/bf5300cb13794e430bff80aa9d4701bb.png",
  "lang": "zh-cn",
  "license": "MIT",
  "name": "好看的2号",
  "nsfw": "true",
  "package": "xyz.xdtv2",
  "type": "bangumi",
  "url": "xyz.xdtv2.js",
  "version": "v0.0.2",
  "webSite": "https://caocao15.xyz"
 },
 {
  "author": "hualiong",
  "icon": "https://yhzy.cc/template/ziyuan2/images/logo.png",
  "lang": "zh-cn",
  "license": "MIT",
  "name": "樱花资源",
  "nsfw": "false",
  "package": "yhzy.cc",
  "type": "bangumi",
  "url": "yhzy.cc.js",
  "version": "v0.0.1",
  "webSite": "https://yhzy.cc"
 },
 {
  "author": "Mg",
  "icon": "https://oss-cdn.meowa.cn/mxtheme/images/favicon.png",
  "lang": "zh-cn",
  "license": "MIT",
  "name": "CC",
  "package": "yinhuadm",
  "type": "bangumi",
  "url": "yinhuadm.js",
  "version": "v0.0.1",
  "webSite": "https://www.yinhuadm.cc/"
 },
 {
  "author": "OshekharO",
  "icon": "https://yomovies.loan/wp-content/uploads/2023/12/120.jpg",
  "lang": "hi",
  "license": "MIT",
  "name": "YoMovies",
  "nsfw": "false",
  "package": "yomovies",
  "type": "bangumi",
  "url": "yomovies.js",
  "version": "v0.0.7",
  "webSite": "https://yomovies.loan"
 },
 {
  "author": "appdevelpo",
  "icon": "https://yugenanime.tv/static/img/favicon-32x32.png",
  "lang": "en",
  "license": "MIT",
  "name": "yugenanime",
  "nsfw": "true",
  "package": "yugenanime.tv",
  "type": "bangumi",
  "url": "yugenanime.tv.js",
  "version": "v0.0.1",
  "webSite": "https://yugenanime.tv"
 },
 {
  "author": "OshekharO",
  "icon": "https://yurineko.net/img/logo-footer.png",
  "lang": "vi",
  "license": "MIT",
  "name": "YuriNeko",
  "nsfw": "false",
  "package": "yurineko.net",
  "type": "manga",
  "url": "yurineko.net.js",
  "version": "v0.0.1",
  "webSite": "https://api.yurineko.net"
 },
 {
  "author": "hualiong",
  "icon": "https://yutuzy4.com/template/demo/img/logo.png",
  "lang": "zh-cn",
  "license": "MIT",
  "name": "玉兔资源",
  "nsfw": "true",
  "package": "yutuzy.com",
  "type": "bangumi",
  "url": "yutuzy.com.js",
  "version": "v0.0.1",
  "webSite": "https://yutuzy.com"
 },
 {
  "author": "hualiong",
  "icon": "https://www.yymanhua.com/favicon.ico",
  "lang": "zh-cn",
  "license": "MIT",
  "name": "YY漫画",
  "package": "yymanhua.com",
  "type": "manga",
  "url": "yymanhua.com.js",
  "version": "v0.0.4",
  "webSite": "https://www.yymanhua.com"
 },
 {
  "author": "hualiong",
  "icon": "https://yzzy.tv/favicon.ico",
  "lang": "zh-cn",
  "license": "MIT",
  "name": "优质资源库",
  "nsfw": "false",
  "package": "yzzy.tv",
  "type": "bangumi",
  "url": "yzzy.tv.js",
  "version": "v0.0.1",
  "webSite": "https://yzzy.tv"
 },
 {
  "author": "OshekharO",
  "icon": "https://zscans.com/favicon.ico",
  "lang": "en",
  "license": "MIT",
  "name": "ZeroScans",
  "package": "zeroscans.com",
  "type": "manga",
  "url": "zeroscans.com.js",
  "version": "v0.0.2",
  "webSite": "https://zscans.com"
 }
]